{"cameraMode":{"drawMode":0,"name":"Shaded","section":"Shading Mode"},"sceneLighting":true,"audioPlay":false,"sceneViewState":{"m_AlwaysRefresh":false,"showFog":true,"showSkybox":true,"showFlares":true,"showImageEffects":true,"showParticleSystems":true,"showVisualEffectGraphs":true,"m_FxEnabled":true},"in2DMode":false,"pivot":{"x":-0.11912855505943299,"y":0.7473746538162231,"z":1.992172360420227},"rotation":{"x":0.1541830599308014,"y":-0.012173390947282315,"z":0.0018956532003358007,"w":0.9879814386367798},"size":9.704084396362305,"orthographic":false}