{"cameraMode":{"drawMode":0,"name":"Shaded","section":"Shading Mode"},"sceneLighting":true,"audioPlay":false,"sceneViewState":{"m_AlwaysRefresh":false,"showFog":true,"showSkybox":true,"showFlares":true,"showImageEffects":true,"showParticleSystems":true,"showVisualEffectGraphs":true,"m_FxEnabled":true},"in2DMode":false,"pivot":{"x":419.60882568359377,"y":99.82766723632813,"z":442.0335998535156},"rotation":{"x":-0.1314947009086609,"y":-0.02152673341333866,"z":0.0029037424828857185,"w":-0.9911487698554993},"size":80.18897247314453,"orthographic":true}