{"cameraMode":{"drawMode":0,"name":"Shaded","section":"Shading Mode"},"sceneLighting":true,"audioPlay":false,"sceneViewState":{"m_AlwaysRefresh":false,"showFog":true,"showSkybox":true,"showFlares":true,"showImageEffects":true,"showParticleSystems":true,"showVisualEffectGraphs":true,"m_FxEnabled":true},"in2DMode":false,"pivot":{"x":0.42371559143066409,"y":1.2514359951019288,"z":3.1164793968200685},"rotation":{"x":-0.23258404433727265,"y":0.47347915172576907,"z":-0.13119147717952729,"w":-0.8393641710281372},"size":4.563499927520752,"orthographic":false}